{"cameraMode":{"drawMode":0,"name":"Shaded","section":"Shading Mode"},"sceneLighting":true,"audioPlay":false,"sceneViewState":{"showFog":true,"showMaterialUpdate":false,"showSkybox":true,"showFlares":true,"showImageEffects":true,"showParticleSystems":true},"in2DMode":false,"pivot":{"x":-6.449999809265137,"y":1.0,"z":13.579999923706055},"rotation":{"x":0.09791237115859986,"y":0.3175063133239746,"z":-0.03297634795308113,"w":0.9426224231719971},"size":49.35951232910156,"orthographic":true}