{"cameraMode":{"drawMode":0,"name":"Shaded","section":"Shading Mode"},"sceneLighting":false,"audioPlay":false,"sceneViewState":{"showFog":true,"showMaterialUpdate":false,"showSkybox":false,"showFlares":true,"showImageEffects":true,"showParticleSystems":true},"in2DMode":false,"pivot":{"x":5.550000190734863,"y":0.256233274936676,"z":0.4419635832309723},"rotation":{"x":-0.01811601221561432,"y":0.9013418555259705,"z":-0.03787866607308388,"w":-0.4310733377933502},"size":1.1113821268081666,"orthographic":true}