{"cameraMode":{"drawMode":0,"name":"Shaded","section":"Shading Mode"},"sceneLighting":false,"audioPlay":false,"sceneViewState":{"showFog":true,"showMaterialUpdate":false,"showSkybox":false,"showFlares":true,"showImageEffects":true,"showParticleSystems":true},"in2DMode":false,"pivot":{"x":-0.30000001192092898,"y":0.7500911355018616,"z":-9.464400291442871},"rotation":{"x":0.04843144118785858,"y":-0.6773035526275635,"z":0.04476706311106682,"w":0.7327417731285095},"size":1.5586878061294556,"orthographic":true}