{"cameraMode":{"drawMode":0,"name":"Shaded","section":"Shading Mode"},"sceneLighting":false,"audioPlay":false,"sceneViewState":{"showFog":true,"showMaterialUpdate":false,"showSkybox":false,"showFlares":true,"showImageEffects":true,"showParticleSystems":true},"in2DMode":false,"pivot":{"x":9.630000114440918,"y":1.0,"z":-0.45000016689300539},"rotation":{"x":0.25234559178352358,"y":-0.6948580741882324,"z":0.28806471824645998,"w":0.608698308467865},"size":2.0784640312194826,"orthographic":true}