{"cameraMode":{"drawMode":0,"name":"Shaded","section":"Shading Mode"},"sceneLighting":false,"audioPlay":false,"sceneViewState":{"showFog":true,"showMaterialUpdate":false,"showSkybox":false,"showFlares":true,"showImageEffects":true,"showParticleSystems":true},"in2DMode":false,"pivot":{"x":18.1468505859375,"y":4.289999961853027,"z":-11.391027450561524},"rotation":{"x":0.27580779790878298,"y":-0.07028106600046158,"z":0.020233113318681718,"w":0.958440363407135},"size":10.920249938964844,"orthographic":true}