{"cameraMode":{"drawMode":0,"name":"Shaded","section":"Shading Mode"},"sceneLighting":false,"audioPlay":false,"sceneViewState":{"showFog":true,"showMaterialUpdate":false,"showSkybox":false,"showFlares":true,"showImageEffects":true,"showParticleSystems":true},"in2DMode":false,"pivot":{"x":2.045384168624878,"y":2.6895151138305666,"z":-0.6355527639389038},"rotation":{"x":0.11178810149431229,"y":0.2692320644855499,"z":-0.03148018568754196,"w":0.9560494422912598},"size":2.3471758365631105,"orthographic":true}