{"cameraMode":{"drawMode":0,"name":"Shaded","section":"Shading Mode"},"sceneLighting":false,"audioPlay":false,"sceneViewState":{"showFog":true,"showMaterialUpdate":false,"showSkybox":false,"showFlares":true,"showImageEffects":true,"showParticleSystems":true},"in2DMode":false,"pivot":{"x":-0.47999998927116396,"y":0.9599999785423279,"z":-2.0299999713897707},"rotation":{"x":0.11583569645881653,"y":-0.6422692537307739,"z":0.09904081374406815,"w":0.7511792778968811},"size":1.072523832321167,"orthographic":true}