{"cameraMode":{"drawMode":0,"name":"Shaded","section":"Shading Mode"},"sceneLighting":false,"audioPlay":false,"sceneViewState":{"showFog":true,"showMaterialUpdate":false,"showSkybox":false,"showFlares":true,"showImageEffects":true,"showParticleSystems":true},"in2DMode":false,"pivot":{"x":5.550000190734863,"y":0.256233274936676,"z":0.4419635832309723},"rotation":{"x":-0.032677918672561648,"y":0.9626319408416748,"z":-0.1354689747095108,"w":-0.23220708966255189},"size":1.1113821268081666,"orthographic":false}