{"cameraMode":{"drawMode":0,"name":"Shaded","section":"Shading Mode"},"sceneLighting":true,"audioPlay":false,"sceneViewState":{"showFog":true,"showMaterialUpdate":false,"showSkybox":true,"showFlares":true,"showImageEffects":true,"showParticleSystems":true},"in2DMode":false,"pivot":{"x":-9.310664176940918,"y":6.8064656257629398,"z":3.575441598892212},"rotation":{"x":0.08929339796304703,"y":0.8750418424606323,"z":-0.17692174017429353,"w":0.4416281282901764},"size":7.621068000793457,"orthographic":true}